ID;age;logage;logwage;wage
231655;18;1.255272505;4.318063335;75.04315402
161300;45;1.653212514;4.875061263;130.9821774
450601;44;1.643452676;5.133021279;169.528538
305706;34;1.531478917;4.397940009;81.28325328
447660;51;1.707570176;4.505149978;90.48191336
153682;37;1.568201724;4.591064607;98.59934386
233002;38;1.579783597;4.544068044;94.07271475
229379;43;1.633468456;4.431363764;84.04595765
86064;34;1.531478917;4.176091259;65.11085372
378472;57;1.755874856;4.755874856;116.2653241
157244;18;1.255272505;4.255272505;70.47601965
9747;34;1.531478917;4.716003344;111.7208494
228851;32;1.505149978;4.662757832;105.9278108
153810;27;1.431363764;4.193124598;66.22940829
87492;43;1.633468456;3.812913357;45.28216999
8692;50;1.698970004;4.301029996;73.77574327
227963;25;1.397940009;4.193124598;66.22940829
379668;71;1.851258349;4.62324929;101.8243521
154634;23;1.361727836;3.556302501;35.03342132
85916;61;1.785329835;4.602059991;99.6894637
228071;54;1.73239376;4.763427994;117.1468169
13479;69;1.838849091;4.353339095;77.7376033
81494;41;1.612783857;4.477121255;87.98103279
447501;42;1.62324929;5.064457989;158.2946214
81071;55;1.740362689;4.602059991;99.6894637
376442;21;1.322219295;4.255272505;70.47601965
228621;31;1.491361694;4.397940009;81.28325328
232494;25;1.397940009;4.397940009;81.28325328
233759;23;1.361727836;4.397940009;81.28325328
374859;44;1.643452676;4.477121255;87.98103279
86298;61;1.785329835;4.670245853;106.7239776
161431;24;1.380211242;3.942008053;51.52195631
305888;42;1.62324929;4.447158031;85.38394038
86568;34;1.531478917;4.505149978;90.48191336
159196;46;1.662757832;4.602059991;99.6894637
156110;33;1.51851394;4.342422681;76.89360252
232000;22;1.342422681;4.397940009;81.28325328
453486;74;1.86923172;4.602059991;99.6894637
9273;34;1.531478917;4.230448921;68.74808773
231592;46;1.662757832;4.556302501;95.23071257
303825;41;1.612783857;4.477121255;87.98103279
156310;63;1.799340549;4.163161375;64.27439722
303376;38;1.579783597;4.857332496;128.6804882
230586;35;1.544068044;4.740362689;114.4757133
379991;66;1.819543936;4.397940009;81.28325328
160971;42;1.62324929;4.447158031;85.38394038
307464;51;1.707570176;4.544068044;94.07271475
378429;59;1.770852012;4.936010796;139.2137881
447412;57;1.755874856;4.556302501;95.23071257
13924;25;1.397940009;4.204119983;66.96164432
84600;41;1.612783857;4.505149978;90.48191336
451987;38;1.579783597;4.740362689;114.4757133
307755;49;1.69019608;4.650064561;104.5917379
229714;32;1.505149978;4.544068044;94.07271475
302868;22;1.342422681;4.079181246;59.09706408
10499;51;1.707570176;4.176091259;65.11085372
374752;47;1.672097858;4.903089987;134.7053751
159285;33;1.51851394;4.397940009;81.28325328
306309;43;1.633468456;4.819543936;123.9085676
161021;46;1.662757832;4.230448921;68.74808773
85966;46;1.662757832;4.435462121;84.39111475
453692;55;1.740362689;4.447158031;85.38394038
233313;51;1.707570176;4.857332496;128.6804882
9681;49;1.69019608;4.255272505;70.47601965
379875;34;1.531478917;4.342422681;76.89360252
305250;53;1.72427587;5;148.4131591
84642;40;1.602059991;5;148.4131591
451306;50;1.698970004;5.170261715;175.9608831
157989;39;1.591064607;4.977723605;145.1436012
233149;47;1.672097858;4.86332286;129.4536446
234640;39;1.591064607;4.643452676;103.9024706
154195;37;1.568201724;5.021189299;151.5914842
232628;52;1.716003344;4.62324929;101.8243521
85539;26;1.414973348;4.602059991;99.6894637
230582;25;1.397940009;4.602059991;99.6894637
84164;58;1.763427994;5.025305865;152.2168068
85545;27;1.431363764;4.176091259;65.11085372
153581;40;1.602059991;4.556302501;95.23071257
377900;48;1.681241237;4.740362689;114.4757133
12056;25;1.397940009;4.494154594;89.49247952
84397;40;1.602059991;4.792391689;120.5894365
153269;22;1.342422681;3.544068044;34.60741773
305585;45;1.653212514;4.740362689;114.4757133
302536;33;1.51851394;4.447158031;85.38394038
303912;25;1.397940009;4.301029996;73.77574327
233441;37;1.568201724;4.318063335;75.04315402
449474;46;1.662757832;4.653212514;104.9215065
375024;27;1.431363764;4.301029996;73.77574327
159821;37;1.568201724;4.544068044;94.07271475
453371;26;1.414973348;4.544068044;94.07271475
160039;62;1.792391689;4.561101384;95.68881191
233379;40;1.602059991;4.698970004;109.8339856
231082;53;1.72427587;4.77815125;118.8843593
450566;34;1.531478917;4.397940009;81.28325328
453852;49;1.69019608;4.322219295;75.35567932
230477;45;1.653212514;4.875061263;130.9821774
227901;31;1.491361694;3.77815125;43.73511168
305209;22;1.342422681;4.397940009;81.28325328
228591;36;1.556302501;4.579783597;97.49329405
302140;38;1.579783597;4.133538908;62.39835472
153731;48;1.681241237;4.579783597;97.49329405
9621;47;1.672097858;4.113943352;61.18752643
452592;73;1.86332286;4.505149978;90.48191336
305871;29;1.462397998;4.301029996;73.77574327
448936;30;1.477121255;4.698970004;109.8339856
377039;29;1.462397998;4.51851394;91.69922611
301711;58;1.763427994;4.77815125;118.8843593
304988;48;1.681241237;4.698970004;109.8339856
306552;41;1.612783857;4.707570176;110.7826503
377157;27;1.431363764;4.538573734;93.55726735
158570;22;1.342422681;3.77815125;43.73511168
83618;53;1.72427587;4.763427994;117.1468169
449489;38;1.579783597;5;148.4131591
84867;29;1.462397998;4.462397998;86.69515483
84949;56;1.748188027;4.661244609;105.7676396
231844;52;1.716003344;4.447158031;85.38394038
87485;27;1.431363764;4.278753601;72.15045568
452710;52;1.716003344;4.477121255;87.98103279
13996;25;1.397940009;4.397940009;81.28325328
80386;25;1.397940009;4.301029996;73.77574327
12586;41;1.612783857;4.875061263;130.9821774
305437;23;1.361727836;4.397244581;81.22674631
83198;31;1.491361694;4.544068044;94.07271475
305362;45;1.653212514;4.77815125;118.8843593
447780;40;1.602059991;4.380211242;79.85490031
302515;25;1.397940009;4.531478917;92.89584479
14041;24;1.380211242;4.278753601;72.15045568
228348;24;1.380211242;4.77815125;118.8843593
87402;41;1.612783857;4.84509804;127.1157438
447992;55;1.740362689;4;54.59815003
377619;23;1.361727836;4.431363764;84.04595765
86280;40;1.602059991;5.146128036;171.7651326
451302;35;1.544068044;4.923487528;137.4812478
448525;55;1.740362689;4.322219295;75.35567932
9066;68;1.832508913;4.477121255;87.98103279
13745;34;1.531478917;4.77815125;118.8843593
11498;59;1.770852012;4.397940009;81.28325328
87260;30;1.477121255;4.77815125;118.8843593
7980;23;1.361727836;4.505149978;90.48191336
449444;58;1.763427994;4.447158031;85.38394038
10723;43;1.633468456;4.977723605;145.1436012
159410;26;1.414973348;4.301029996;73.77574327
303657;38;1.579783597;4.579783597;97.49329405
231767;23;1.361727836;4.221153322;68.11199407
83800;48;1.681241237;4.84509804;127.1157438
375159;33;1.51851394;4.477121255;87.98103279
87199;44;1.643452676;4.544068044;94.07271475
379794;51;1.707570176;5.079181246;160.6424754
307692;47;1.672097858;5.146128036;171.7651326
82419;23;1.361727836;4.278753601;72.15045568
158170;65;1.812913357;4.301029996;73.77574327
379950;49;1.69019608;4.380211242;79.85490031
380366;27;1.431363764;4.633468456;102.8702469
377229;48;1.681241237;4.748188027;115.3750386
14381;38;1.579783597;4.579783597;97.49329405
380704;58;1.763427994;4.653212514;104.9215065
303935;46;1.662757832;4.537819095;93.48669204
83458;40;1.602059991;4.431363764;84.04595765
86122;34;1.531478917;4.397940009;81.28325328
231274;28;1.447158031;4.221153322;68.11199407
158044;33;1.51851394;4.857332496;128.6804882
153953;50;1.698970004;4.969308723;143.9273594
160958;48;1.681241237;4.51851394;91.69922611
376843;30;1.477121255;4.556302501;95.23071257
450052;50;1.698970004;4.544068044;94.07271475
378256;45;1.653212514;4.977723605;145.1436012
306092;49;1.69019608;3.86923172;47.90556704
153618;20;1.301029996;4.079181246;59.09706408
304167;56;1.748188027;4.477121255;87.98103279
85699;42;1.62324929;4.792391689;120.5894365
451331;47;1.672097858;4.531478917;92.89584479
451170;52;1.716003344;4.785344074;119.7425563
306067;46;1.662757832;4.414973348;82.6796373
452388;49;1.69019608;5.590617833;267.9010869
302942;36;1.556302501;4.653212514;104.9215065
378911;46;1.662757832;5.06069784;157.7005277
7969;23;1.361727836;4.176091259;65.11085372
379987;58;1.763427994;4.936010796;139.2137881
11319;40;1.602059991;4.176091259;65.11085372
8348;30;1.477121255;4.653212514;104.9215065
156680;51;1.707570176;4.260071388;70.81503862
158692;39;1.591064607;4.544068044;94.07271475
306711;44;1.643452676;4.579783597;97.49329405
229031;35;1.544068044;4.320146286;75.19962815
449980;27;1.431363764;4.176091259;65.11085372
160714;47;1.672097858;4.986771734;146.4628385
230508;41;1.612783857;4.84509804;127.1157438
12537;63;1.799340549;4.301029996;73.77574327
86119;46;1.662757832;4.602059991;99.6894637
448869;33;1.51851394;4.380211242;79.85490031
304493;50;1.698970004;4.77815125;118.8843593
305092;45;1.653212514;4.875061263;130.9821774
12728;42;1.62324929;4.380211242;79.85490031
447357;57;1.755874856;4.672097858;106.9218141
159513;52;1.716003344;3.133858125;22.96240068
9863;50;1.698970004;4.477121255;87.98103279
155729;47;1.672097858;4;54.59815003
87848;45;1.653212514;4.602059991;99.6894637
159441;52;1.716003344;4.523538372;92.16112203
83515;18;1.255272505;3.730620798;41.7049905
302069;50;1.698970004;4.84509804;127.1157438
8550;42;1.62324929;4.653212514;104.9215065
302529;28;1.447158031;4.939519253;139.7030715
157309;45;1.653212514;4.301029996;73.77574327
159735;25;1.397940009;4.397940009;81.28325328
12439;52;1.716003344;4.477121255;87.98103279
7412;46;1.662757832;4.505149978;90.48191336
159115;61;1.785329835;4.041392685;56.90553914
10935;32;1.505149978;4.397940009;81.28325328
453198;27;1.431363764;4.51851394;91.69922611
304809;34;1.531478917;4.612783857;100.7642728
159956;54;1.73239376;5;148.4131591
301907;31;1.491361694;4.397940009;81.28325328
233565;32;1.505149978;4.672097858;106.9218141
161261;28;1.447158031;4.477121255;87.98103279
451254;28;1.447158031;4.193124598;66.22940829
380078;36;1.556302501;4.57634135;97.15827504
83327;46;1.662757832;4.544068044;94.07271475
87700;39;1.591064607;4.698970004;109.8339856
305809;37;1.568201724;4.812913357;123.0896998
306821;23;1.361727836;4.301029996;73.77574327
231279;37;1.568201724;4.477121255;87.98103279
12575;40;1.602059991;3.301029996;27.14057921
377201;34;1.531478917;4.387389826;80.43020795
160496;51;1.707570176;5;148.4131591
306557;40;1.602059991;5;148.4131591
7880;64;1.806179974;4.77815125;118.8843593
379439;54;1.73239376;4.388101202;80.48744436
231191;19;1.278753601;4.176091259;65.11085372
232830;32;1.505149978;4.342422681;76.89360252
85999;42;1.62324929;4.602059991;99.6894637
450673;26;1.414973348;4.602059991;99.6894637
453584;18;1.255272505;3.903089987;49.55533812
160160;62;1.792391689;4.716003344;111.7208494
380311;44;1.643452676;5;148.4131591
232256;43;1.633468456;4.903089987;134.7053751
228889;47;1.672097858;4.491361694;89.24288466
374363;28;1.447158031;4.342422681;76.89360252
232593;20;1.301029996;4.247482261;69.92912721
304383;32;1.505149978;4.204119983;66.96164432
380800;44;1.643452676;3.77815125;43.73511168
450000;57;1.755874856;4.759667845;116.7071546
233001;60;1.77815125;4.564677898;96.03165702
379752;44;1.643452676;5;148.4131591
87038;47;1.672097858;4.77815125;118.8843593
154076;41;1.612783857;4.84509804;127.1157438
374391;29;1.462397998;4.653212514;104.9215065
449807;42;1.62324929;4.72427587;112.6488963
449365;47;1.672097858;4.740378482;114.4775211
378727;48;1.681241237;4.716003344;111.7208494
156087;39;1.591064607;4.903089987;134.7053751
12157;23;1.361727836;4.322219295;75.35567932
301568;31;1.491361694;4.785329835;119.7408513
10832;59;1.770852012;4.77815125;118.8843593
160170;19;1.278753601;3.301029996;27.14057921
87395;35;1.544068044;4.176091259;65.11085372
377308;38;1.579783597;4.544068044;94.07271475
8330;44;1.643452676;4.544068044;94.07271475
87791;73;1.86332286;4.322219295;75.35567932
447647;53;1.72427587;4;54.59815003
158257;57;1.755874856;4.875061263;130.9821774
84795;50;1.698970004;4.954242509;141.7751723
301999;54;1.73239376;4.176091259;65.11085372
305108;24;1.380211242;4.447158031;85.38394038
378589;41;1.612783857;4.748188027;115.3750386
307823;44;1.643452676;4.079181246;59.09706408
303202;52;1.716003344;4.342422681;76.89360252
159137;43;1.633468456;4.261405627;70.90958587
307670;46;1.662757832;4.602059991;99.6894637
155165;43;1.633468456;4.397940009;81.28325328
13246;48;1.681241237;5.079181246;160.6424754
158241;33;1.51851394;4.158362492;63.96669083
379243;29;1.462397998;4.477121255;87.98103279
450568;52;1.716003344;4.977723605;145.1436012
10997;24;1.380211242;4.342422681;76.89360252
153426;42;1.62324929;4.819543936;123.9085676
85217;46;1.662757832;4;54.59815003
377128;40;1.602059991;5.041392685;154.685293
452170;36;1.556302501;4.477121255;87.98103279
301646;25;1.397940009;4.544068044;94.07271475
12249;40;1.602059991;4.763427994;117.1468169
302635;48;1.681241237;4.176091259;65.11085372
8793;56;1.748188027;4.579783597;97.49329405
232674;58;1.763427994;4.322219295;75.35567932
9903;45;1.653212514;4.77815125;118.8843593
376772;46;1.662757832;4.77815125;118.8843593
85681;49;1.69019608;4.556302501;95.23071257
452452;38;1.579783597;4.698970004;109.8339856
233667;63;1.799340549;4.903089987;134.7053751
377125;35;1.544068044;4.453195986;85.90104432
374314;33;1.51851394;4.477121255;87.98103279
306069;29;1.462397998;4.531478917;92.89584479
153785;56;1.748188027;4.851258349;127.901233
157154;58;1.763427994;4.579783597;97.49329405
9761;49;1.69019608;4.531478917;92.89584479
158105;61;1.785329835;5;148.4131591
230899;47;1.672097858;5.01110503;150.0704769
375298;55;1.740362689;4.84509804;127.1157438
230737;42;1.62324929;4.397940009;81.28325328
306550;28;1.447158031;4.432006687;84.10001012
158927;24;1.380211242;4.146128036;63.188861
227948;50;1.698970004;4.587710965;98.26923081
231461;37;1.568201724;4.544068044;94.07271475
448411;54;1.73239376;4.544068044;94.07271475
155681;70;1.84509804;4.361727836;78.3924668
233682;44;1.643452676;4.755874856;116.2653241
302173;38;1.579783597;4.477121255;87.98103279
231216;28;1.447158031;4.505149978;90.48191336
9850;38;1.579783597;4.954242509;141.7751723
161403;39;1.591064607;4.144605339;63.09271673
228023;58;1.763427994;4.380211242;79.85490031
156832;38;1.579783597;4.644438589;104.0049599
303148;31;1.491361694;4.602059991;99.6894637
85657;18;1.255272505;4.243038049;69.6190369
379124;28;1.447158031;4.602059991;99.6894637
83479;32;1.505149978;4.602059991;99.6894637
14252;28;1.447158031;4.414973348;82.6796373
376178;37;1.568201724;4.255272505;70.47601965
160548;65;1.812913357;4.267171728;71.31963879
82948;22;1.342422681;4.387389826;80.43020795
379828;45;1.653212514;4.763427994;117.1468169
9535;37;1.568201724;4.397940009;81.28325328
154111;24;1.380211242;3.959041392;52.40706405
85550;35;1.544068044;4.146128036;63.188861
14481;44;1.643452676;4.62324929;101.8243521
82222;41;1.612783857;4.602059991;99.6894637
85624;56;1.748188027;4.62324929;101.8243521
302363;39;1.591064607;4.778165727;118.8860804
449684;48;1.681241237;4.544068044;94.07271475
11238;44;1.643452676;4.602059991;99.6894637
452407;55;1.740362689;4.77815125;118.8843593
229847;39;1.591064607;4.397940009;81.28325328
9864;30;1.477121255;4.653212514;104.9215065
447299;49;1.69019608;4.602059991;99.6894637
230128;31;1.491361694;4.397940009;81.28325328
12999;35;1.544068044;4.226960594;68.50868966
160782;55;1.740362689;4.397940009;81.28325328
379257;36;1.556302501;4.740362689;114.4757133
161228;37;1.568201724;4.770852012;118.0197533
232829;33;1.51851394;4.602059991;99.6894637
234092;48;1.681241237;4.77815125;118.8843593
84421;47;1.672097858;4.77815125;118.8843593
85643;40;1.602059991;4.525044807;92.30006143
156206;40;1.602059991;4.62324929;101.8243521
84713;42;1.62324929;5;148.4131591
155666;36;1.556302501;4.748188027;115.3750386
83567;39;1.591064607;4.301029996;73.77574327
448368;43;1.633468456;4.86332286;129.4536446
377037;44;1.643452676;4.568201724;96.37065283
228219;41;1.612783857;4.770852012;118.0197533
157633;39;1.591064607;4.857332496;128.6804882
81776;33;1.51851394;4.653212514;104.9215065
14549;29;1.462397998;4.633468456;102.8702469
83620;42;1.62324929;4.176091259;65.11085372
378744;68;1.832508913;4.698970004;109.8339856
230457;49;1.69019608;5.10720997;165.2087738
447527;36;1.556302501;4.397940009;81.28325328
153784;42;1.62324929;4.318063335;75.04315402
156716;38;1.579783597;4.542626278;93.93718158
7546;30;1.477121255;4.414973348;82.6796373
306511;26;1.414973348;4.204119983;66.96164432
160046;60;1.77815125;3.556302501;35.03342132
8363;49;1.69019608;4.709659972;111.0144055
453187;35;1.544068044;4.301029996;73.77574327
307486;42;1.62324929;4.602059991;99.6894637
380158;27;1.431363764;4.447189051;85.38658902
375387;55;1.740362689;4.698970004;109.8339856
85776;50;1.698970004;4.111732857;61.05242105
229893;55;1.740362689;4.77815125;118.8843593
229973;40;1.602059991;4.982271233;145.8051634
234361;27;1.431363764;4.672097858;106.9218141
230376;50;1.698970004;4.477121255;87.98103279
230371;23;1.361727836;4.176091259;65.11085372
451590;63;1.799340549;4.698970004;109.8339856
227916;48;1.681241237;4.403034684;81.69842172
230749;44;1.643452676;4.544068044;94.07271475
86325;32;1.505149978;4;54.59815003
154901;60;1.77815125;4.301029996;73.77574327
379839;36;1.556302501;4.477135731;87.98230643
449978;31;1.491361694;4.62324929;101.8243521
307530;29;1.462397998;4.672097858;106.9218141
161327;46;1.662757832;4.838849091;126.3238807
158949;35;1.544068044;4.698970004;109.8339856
11623;25;1.397940009;4;54.59815003
379315;34;1.531478917;4.740362689;114.4757133
230661;51;1.707570176;4.544068044;94.07271475
81295;33;1.51851394;4.556302501;95.23071257
228627;62;1.792391689;4.397940009;81.28325328
13060;28;1.447158031;4.544068044;94.07271475
304223;29;1.462397998;4.494154594;89.49247952
307620;34;1.531478917;4.531478917;92.89584479
85969;25;1.397940009;4;54.59815003
452148;55;1.740362689;4.62324929;101.8243521
229256;32;1.505149978;4.77815125;118.8843593
306650;53;1.72427587;4.892094603;133.2323508
228053;56;1.748188027;4.272305844;71.68674367
10471;30;1.477121255;4.447158031;85.38394038
231759;21;1.322219295;4.278753601;72.15045568
301193;48;1.681241237;4.698970004;109.8339856
378489;46;1.662757832;5.113943352;166.3249412
231642;37;1.568201724;4.531478917;92.89584479
234448;31;1.491361694;4.602059991;99.6894637
374333;50;1.698970004;4.62324929;101.8243521
304748;36;1.556302501;4.977723605;145.1436012
232443;27;1.431363764;4.342422681;76.89360252
451096;27;1.431363764;4.505149978;90.48191336
376073;49;1.69019608;4.602059991;99.6894637
301216;25;1.397940009;4.161368002;64.15923257
233939;41;1.612783857;4.494154594;89.49247952
451070;53;1.72427587;4.477121255;87.98103279
158200;32;1.505149978;4.204119983;66.96164432
157436;26;1.414973348;4.812913357;123.0896998
306734;46;1.662757832;4.748188027;115.3750386
8827;55;1.740362689;4.77815125;118.8843593
85748;25;1.397940009;4.113943352;61.18752643
378593;62;1.792391689;4.491361694;89.24288466
380329;51;1.707570176;4.740362689;114.4757133
304795;28;1.447158031;4.33243846;76.12969964
380220;35;1.544068044;4.568201724;96.37065283
12400;46;1.662757832;4.763427994;117.1468169
234319;59;1.770852012;4.301029996;73.77574327
233042;51;1.707570176;4.681241237;107.9039239
233381;26;1.414973348;4.602059991;99.6894637
157856;34;1.531478917;4.096910013;60.15412466
301852;23;1.361727836;4.397940009;81.28325328
449130;25;1.397940009;4.235528447;69.09818381
84343;43;1.633468456;4.369215857;78.98167452
452636;36;1.556302501;4.857332496;128.6804882
12233;34;1.531478917;4.653212514;104.9215065
153789;39;1.591064607;4.35945602;78.21457569
87826;40;1.602059991;4.414973348;82.6796373
85730;38;1.579783597;4.698970004;109.8339856
377504;67;1.826074803;4.079181246;59.09706408
13650;39;1.591064607;4.755874856;116.2653241
155246;31;1.491361694;4.113943352;61.18752643
157775;47;1.672097858;4.361727836;78.3924668
453565;61;1.785329835;4.806179974;122.2636739
380898;21;1.322219295;4;54.59815003
8279;36;1.556302501;4.851258349;127.901233
307337;36;1.556302501;4.477121255;87.98103279
13148;42;1.62324929;4.812913357;123.0896998
84841;54;1.73239376;4.653212514;104.9215065
85515;27;1.431363764;4.477121255;87.98103279
86629;36;1.556302501;4.880813592;131.7378012
157246;60;1.77815125;4.653212514;104.9215065
13588;42;1.62324929;4.517459827;91.60261566
83057;35;1.544068044;4.880167384;131.6526987
305515;22;1.342422681;4.257894469;70.66104767
307267;47;1.672097858;4.440909082;84.85204409
88046;59;1.770852012;4.633468456;102.8702469
155330;33;1.51851394;4.597695186;99.25528683
307313;51;1.707570176;4.892094603;133.2323508
159448;37;1.568201724;4.361727836;78.3924668
155833;46;1.662757832;4.875061263;130.9821774
7401;41;1.612783857;4.568201724;96.37065283
11845;40;1.602059991;4.698970004;109.8339856
453214;65;1.812913357;4.477121255;87.98103279
8360;50;1.698970004;4.579783597;97.49329405
377324;53;1.72427587;4.681241237;107.9039239
302793;48;1.681241237;4.561101384;95.68881191
234303;33;1.51851394;4.806179974;122.2636739
231349;33;1.51851394;4.491361694;89.24288466
377297;49;1.69019608;4.397940009;81.28325328
14268;40;1.602059991;4.544068044;94.07271475
85704;43;1.633468456;4.397940009;81.28325328
233733;54;1.73239376;4.748188027;115.3750386
83536;32;1.505149978;4.619093331;101.4020523
13498;31;1.491361694;3.698970004;40.40566526
80239;31;1.491361694;4.431363764;84.04595765
379220;40;1.602059991;4.486572151;88.81647397
453870;54;1.73239376;4.462397998;86.69515483
307581;28;1.447158031;4.697229343;109.6429681
453715;45;1.653212514;5.113943352;166.3249412
156461;47;1.672097858;4.447158031;85.38394038
380325;71;1.851258349;4.602081706;99.6916284
450872;41;1.612783857;4.230448921;68.74808773
305335;33;1.51851394;4.939519253;139.7030715
452029;20;1.301029996;4.342422681;76.89360252
161344;25;1.397940009;4.380211242;79.85490031
233394;62;1.792391689;4.857332496;128.6804882
448801;37;1.568201724;4.544068044;94.07271475
302882;32;1.505149978;4.494154594;89.49247952
306349;55;1.740362689;4.86923172;130.2208324
452162;36;1.556302501;4.350248018;77.49768139
231483;39;1.591064607;5;148.4131591
81731;20;1.301029996;4.176091259;65.11085372
157918;60;1.77815125;4.681241237;107.9039239
452313;32;1.505149978;4.51851394;91.69922611
376459;38;1.579783597;4.477121255;87.98103279
154265;47;1.672097858;4.544068044;94.07271475
228330;49;1.69019608;4.84509804;127.1157438
12504;44;1.643452676;4.361727836;78.3924668
234624;54;1.73239376;4.414973348;82.6796373
14460;38;1.579783597;4.475671188;87.8535469
452861;43;1.633468456;4.698970004;109.8339856
13488;47;1.672097858;4.477121255;87.98103279
156191;58;1.763427994;4.812913357;123.0896998
87661;18;1.255272505;4.025305865;55.99743383
157381;48;1.681241237;4.77815125;118.8843593
7496;50;1.698970004;4.494154594;89.49247952
160307;59;1.770852012;4.681241237;107.9039239
161341;44;1.643452676;4.397940009;81.28325328
87441;42;1.62324929;4.653212514;104.9215065
12175;22;1.342422681;4.397940009;81.28325328
12033;43;1.633468456;4.944482672;140.3982002
153765;53;1.72427587;5.591980114;268.266292
153375;48;1.681241237;4.698970004;109.8339856
230950;38;1.579783597;4.707570176;110.7826503
14546;25;1.397940009;4.51851394;91.69922611
10144;26;1.414973348;4.568201724;96.37065283
375523;34;1.531478917;4.602059991;99.6894637
380780;58;1.763427994;4.477121255;87.98103279
234530;60;1.77815125;4.79518459;120.9267015
230114;53;1.72427587;4.792391689;120.5894365
11081;28;1.447158031;4.491361694;89.24288466
301246;58;1.763427994;4.875061263;130.9821774
85655;53;1.72427587;4.688419822;108.6813082
9743;44;1.643452676;4.77815125;118.8843593
230054;32;1.505149978;4.301029996;73.77574327
12519;23;1.361727836;4;54.59815003
227962;31;1.491361694;4.193124598;66.22940829
83739;42;1.62324929;5.606885241;272.2947832
159012;20;1.301029996;4.342422681;76.89360252
88116;33;1.51851394;4.397940009;81.28325328
11435;29;1.462397998;4.544068044;94.07271475
161267;22;1.342422681;4.301029996;73.77574327
380753;39;1.591064607;4.602059991;99.6894637
153467;42;1.62324929;4.643452676;103.9024706
379211;45;1.653212514;4.681241237;107.9039239
12507;52;1.716003344;4.397940009;81.28325328
154311;19;1.278753601;4;54.59815003
304583;28;1.447158031;4.193124598;66.22940829
159573;39;1.591064607;4.653212514;104.9215065
449387;41;1.612783857;4.740362689;114.4757133
83565;44;1.643452676;4.342422681;76.89360252
7664;48;1.681241237;4.544068044;94.07271475
157200;47;1.672097858;4.84509804;127.1157438
230665;31;1.491361694;4.544068044;94.07271475
12813;28;1.447158031;4.643452676;103.9024706
13483;41;1.612783857;4.544068044;94.07271475
232794;49;1.69019608;4.477121255;87.98103279
447864;28;1.447158031;4.579783597;97.49329405
452049;19;1.278753601;3.77815125;43.73511168
377133;51;1.707570176;4.77815125;118.8843593
12311;40;1.602059991;4.477121255;87.98103279
8988;49;1.69019608;4.763427994;117.1468169
155528;44;1.643452676;4.707570176;110.7826503
155829;62;1.792391689;4.544068044;94.07271475
153627;40;1.602059991;4.77815125;118.8843593
380392;61;1.785329835;4.954242509;141.7751723
158726;38;1.579783597;4.903089987;134.7053751
377495;18;1.255272505;4.342422681;76.89360252
230878;45;1.653212514;4.619093331;101.4020523
85888;22;1.342422681;4.556302501;95.23071257
153559;25;1.397940009;4.602059991;99.6894637
83140;41;1.612783857;4.84509804;127.1157438
87254;36;1.556302501;4.857332496;128.6804882
304074;42;1.62324929;4.698970004;109.8339856
306048;20;1.301029996;3.77815125;43.73511168
447211;45;1.653212514;5;148.4131591
13308;32;1.505149978;4.77815125;118.8843593
448287;40;1.602059991;4.318063335;75.04315402
377969;55;1.740362689;4.397940009;81.28325328
229679;45;1.653212514;4.556302501;95.23071257
82799;54;1.73239376;4.544068044;94.07271475
159200;41;1.612783857;4.447158031;85.38394038
153388;49;1.69019608;4.77815125;118.8843593
88113;50;1.698970004;4.556302501;95.23071257
155513;40;1.602059991;4.716003344;111.7208494
158884;29;1.462397998;4.088136089;59.62864555
230315;25;1.397940009;4.602059991;99.6894637
86782;32;1.505149978;4.602059991;99.6894637
380883;29;1.462397998;4.53307266;93.04401493
381143;42;1.62324929;4.977723605;145.1436012
233600;52;1.716003344;4.301029996;73.77574327
231346;35;1.544068044;4.301029996;73.77574327
379646;28;1.447158031;4.666920265;106.3696472
85693;49;1.69019608;4.284430734;72.56122831
307204;50;1.698970004;3.920227711;50.41192284
84607;35;1.544068044;4.812913357;123.0896998
229399;58;1.763427994;4.255272505;70.47601965
81714;49;1.69019608;4.935597944;139.1563254
229703;58;1.763427994;5.008600172;149.6950421
376645;44;1.643452676;4.716003344;111.7208494
154342;46;1.662757832;3.903089987;49.55533812
301885;43;1.633468456;4.414973348;82.6796373
84599;40;1.602059991;4.301029996;73.77574327
374558;31;1.491361694;4.531478917;92.89584479
378837;21;1.322219295;4.431363764;84.04595765
374294;45;1.653212514;5;148.4131591
375787;35;1.544068044;4.176091259;65.11085372
155234;46;1.662757832;4.544068044;94.07271475
156931;38;1.579783597;4.544068044;94.07271475
159901;21;1.322219295;3.982271233;53.63872202
374894;60;1.77815125;4.533174461;93.05348736
85534;61;1.785329835;4.857332496;128.6804882
12671;29;1.462397998;4.698970004;109.8339856
156543;26;1.414973348;4.685741739;108.39064
234246;28;1.447158031;4.206825876;67.14308075
230929;45;1.653212514;4.698970004;109.8339856
87063;39;1.591064607;3.857332496;47.3389061
157575;33;1.51851394;4.14176323;62.91365497
8274;44;1.643452676;4.255272505;70.47601965
229913;48;1.681241237;4.602059991;99.6894637
301692;45;1.653212514;4.530353404;92.79134808
304818;56;1.748188027;4.602081706;99.6916284
229605;71;1.851258349;4.491361694;89.24288466
231509;30;1.477121255;4.77815125;118.8843593
87704;41;1.612783857;4.505149978;90.48191336
302918;46;1.662757832;4.301029996;73.77574327
161349;38;1.579783597;4.255272505;70.47601965
306415;26;1.414973348;4.537819095;93.48669204
306146;42;1.62324929;4.591064607;98.59934386
234661;28;1.447158031;4;54.59815003
84287;30;1.477121255;4.462397998;86.69515483
306688;22;1.342422681;4.079181246;59.09706408
377799;27;1.431363764;4.146128036;63.188861
380799;43;1.633468456;4.176091259;65.11085372
83368;52;1.716003344;5;148.4131591
304155;47;1.672097858;4.602059991;99.6894637
453498;53;1.72427587;4.414973348;82.6796373
380993;60;1.77815125;4.342422681;76.89360252
81794;39;1.591064607;4.255272505;70.47601965
379725;51;1.707570176;4.662757832;105.9278108
88050;58;1.763427994;4.318063335;75.04315402
451349;52;1.716003344;4.77815125;118.8843593
306255;41;1.612783857;4.602059991;99.6894637
82384;42;1.62324929;4.556302501;95.23071257
378696;31;1.491361694;4.544068044;94.07271475
450118;47;1.672097858;4.505149978;90.48191336
153266;37;1.568201724;4.447158031;85.38394038
234243;41;1.612783857;4.62324929;101.8243521
303172;23;1.361727836;4.29666519;73.45442826
87943;29;1.462397998;4.633468456;102.8702469
154723;33;1.51851394;4.049218023;57.35259108
11131;40;1.602059991;4.176091259;65.11085372
375336;30;1.477121255;4.260071388;70.81503862
232578;47;1.672097858;4.62324929;101.8243521
374914;25;1.397940009;4.431363764;84.04595765
307821;44;1.643452676;4.903089987;134.7053751
159599;25;1.397940009;4.089905111;59.73422334
229672;24;1.380211242;4.193124598;66.22940829
161522;66;1.819543936;4.531478917;92.89584479
378510;57;1.755874856;4.544068044;94.07271475
230497;23;1.361727836;3.698970004;40.40566526
80350;38;1.579783597;4.633468456;102.8702469
8888;36;1.556302501;4.130333768;62.19867943
81716;58;1.763427994;4.612783857;100.7642728
307816;44;1.643452676;4.732795698;113.6127457
450754;55;1.740362689;4.653231815;104.9235317
452617;24;1.380211242;5;148.4131591
84080;41;1.612783857;4.892094603;133.2323508
451706;52;1.716003344;4.903089987;134.7053751
14152;50;1.698970004;4.51851394;91.69922611
302797;27;1.431363764;4.602059991;99.6894637
154732;62;1.792391689;4.12762305;62.03030461
449744;21;1.322219295;3.903089987;49.55533812
448117;54;1.73239376;4.301029996;73.77574327
81277;35;1.544068044;4.698970004;109.8339856
379686;23;1.361727836;4.120573931;61.59458318
227939;61;1.785329835;4.713490543;111.4404696
231662;43;1.633468456;4.84509804;127.1157438
154839;20;1.301029996;4.322219295;75.35567932
305114;51;1.707570176;4.934498451;139.0034081
447174;37;1.568201724;4.698970004;109.8339856
377920;24;1.380211242;4.193180274;66.23309573
161041;36;1.556302501;4.294466226;73.29308207
447645;36;1.556302501;4.464876871;86.91032774
80720;32;1.505149978;4.698970004;109.8339856
447722;45;1.653212514;4.77815125;118.8843593
155179;51;1.707570176;4.653212514;104.9215065
160862;47;1.672097858;4.431363764;84.04595765
301930;47;1.672097858;4.447158031;85.38394038
12579;37;1.568201724;4.602059991;99.6894637
13995;57;1.755874856;5;148.4131591
447816;26;1.414973348;4.579783597;97.49329405
449074;51;1.707570176;4.770852012;118.0197533
229524;38;1.579783597;4.602059991;99.6894637
7589;49;1.69019608;5.176091259;176.9896505
80475;41;1.612783857;4.397940009;81.28325328
378718;53;1.72427587;4.903089987;134.7053751
380165;50;1.698970004;4.698970004;109.8339856
80496;42;1.62324929;4.51851394;91.69922611
302736;53;1.72427587;4.204119983;66.96164432
159140;49;1.69019608;4.591064607;98.59934386
8846;33;1.51851394;4.698970004;109.8339856
7415;31;1.491361694;4.397940009;81.28325328
80565;43;1.633468456;4.505149978;90.48191336
155733;50;1.698970004;4.653212514;104.9215065
81445;48;1.681241237;4.301029996;73.77574327
306310;43;1.633468456;4.782522787;119.4052043
380028;54;1.73239376;4.681241237;107.9039239
447298;25;1.397940009;4.342422681;76.89360252
377359;29;1.462397998;5.204119983;182.020621
453728;36;1.556302501;5.590617833;267.9010869
13005;48;1.681241237;3.903089987;49.55533812
305392;48;1.681241237;4.716003344;111.7208494
153650;42;1.62324929;4.62324929;101.8243521
233121;32;1.505149978;4.477121255;87.98103279
157822;48;1.681241237;4.361727836;78.3924668
14543;43;1.633468456;4.889301703;132.8607653
83903;38;1.579783597;4.602059991;99.6894637
453171;54;1.73239376;4.69019608;108.8745258
380739;39;1.591064607;4.963787827;143.1349408
234383;40;1.602059991;4.325597753;75.61069586
232723;41;1.612783857;4.698970004;109.8339856
229581;50;1.698970004;4.079181246;59.09706408
87788;35;1.544068044;4.602059991;99.6894637
452608;43;1.633468456;4.556302501;95.23071257
230839;50;1.698970004;4.698970004;109.8339856
83883;39;1.591064607;4.62324929;101.8243521
452615;35;1.544068044;4.755874856;116.2653241
158466;51;1.707570176;4.698970004;109.8339856
374803;57;1.755874856;4.544068044;94.07271475
12491;21;1.322219295;4.954242509;141.7751723
230998;41;1.612783857;4.301029996;73.77574327
159550;32;1.505149978;4.301029996;73.77574327
234248;36;1.556302501;4.681241237;107.9039239
234357;28;1.447158031;4.167317335;64.54207487
228029;55;1.740362689;4.602059991;99.6894637
159068;36;1.556302501;4.698970004;109.8339856
376883;62;1.792391689;4.494154594;89.49247952
233097;44;1.643452676;4.632457292;102.7662809
305122;32;1.505149978;4.77815125;118.8843593
450849;44;1.643452676;4.272305844;71.68674367
156645;36;1.556302501;4.602059991;99.6894637
14338;28;1.447158031;4.69019608;108.8745258
14140;39;1.591064607;4.380211242;79.85490031
447629;51;1.707570176;4.414973348;82.6796373
158551;42;1.62324929;4.697804533;109.7060518
158298;40;1.602059991;4.392696953;80.85819596
450290;51;1.707570176;4.681241237;107.9039239
160924;27;1.431363764;4.556302501;95.23071257
12963;26;1.414973348;4.431363764;84.04595765
10344;25;1.397940009;4.602059991;99.6894637
8757;27;1.431363764;4.619093331;101.4020523
155631;51;1.707570176;4.477121255;87.98103279
10933;47;1.672097858;4.853588712;128.1996369
379247;47;1.672097858;4.681241237;107.9039239
13497;31;1.491361694;4.812913357;123.0896998
14109;46;1.662757832;4.51851394;91.69922611
381020;31;1.491361694;4.334453751;76.28327785
9591;48;1.681241237;4.474929786;87.78843622
307750;61;1.785329835;4.698970004;109.8339856
230293;42;1.62324929;4.929418926;138.2991269
156739;46;1.662757832;4.670245853;106.7239776
447995;32;1.505149978;4.322219295;75.35567932
82946;35;1.544068044;4.322219295;75.35567932
451844;45;1.653212514;4.342422681;76.89360252
377968;58;1.763427994;4.602059991;99.6894637
447810;44;1.643452676;4.653231815;104.9235317
9620;28;1.447158031;4.113943352;61.18752643
381222;36;1.556302501;4.681241237;107.9039239
302539;41;1.612783857;4.322219295;75.35567932
378528;51;1.707570176;4.342422681;76.89360252
7539;41;1.612783857;4.462397998;86.69515483
12496;51;1.707570176;4.207365037;67.17929148
453550;51;1.707570176;4.380211242;79.85490031
302880;61;1.785329835;4.740362689;114.4757133
13420;23;1.361727836;4.494154594;89.49247952
448972;31;1.491361694;4.176091259;65.11085372
304644;53;1.72427587;4.857332496;128.6804882
85010;43;1.633468456;4.792391689;120.5894365
303653;20;1.301029996;4.397940009;81.28325328
14307;19;1.278753601;4.255272505;70.47601965
161310;44;1.643452676;4.62324929;101.8243521
450610;23;1.361727836;4.447158031;85.38394038
161031;32;1.505149978;4.301029996;73.77574327
156574;43;1.633468456;4.301029996;73.77574327
381177;41;1.612783857;4.69019608;108.8745258
453598;39;1.591064607;4.556302501;95.23071257
155547;58;1.763427994;4.653212514;104.9215065
8414;34;1.531478917;4.54961624;94.5960991
378108;21;1.322219295;3.380211242;29.3769761
228504;28;1.447158031;4.698970004;109.8339856
376032;54;1.73239376;4.602059991;99.6894637
305001;24;1.380211242;4.505149978;90.48191336
87534;30;1.477121255;4.255272505;70.47601965
450739;32;1.505149978;4.698970004;109.8339856
375596;56;1.748188027;4.544068044;94.07271475
7603;28;1.447158031;4.574031268;96.93409046
448055;22;1.342422681;3.477121255;32.36641317
81116;37;1.568201724;4.436162647;84.45025367
228861;18;1.255272505;4.176091259;65.11085372
452525;34;1.531478917;4.740362689;114.4757133
302858;44;1.643452676;4.653212514;104.9215065
11897;48;1.681241237;5.025305865;152.2168068
154312;42;1.62324929;4.491361694;89.24288466
450761;56;1.748188027;4.86332286;129.4536446
228305;36;1.556302501;4.77815125;118.8843593
375955;54;1.73239376;4.556302501;95.23071257
84747;44;1.643452676;4.633468456;102.8702469
85233;51;1.707570176;4.62324929;101.8243521
302756;33;1.51851394;4.477121255;87.98103279
155865;34;1.531478917;4.278753601;72.15045568
85689;37;1.568201724;3.544068044;34.60741773
7568;33;1.51851394;4.740362689;114.4757133
453257;48;1.681241237;4.84509804;127.1157438
376581;28;1.447158031;4.414973348;82.6796373
379989;37;1.568201724;4.62324929;101.8243521
11046;22;1.342422681;4.146128036;63.188861
303385;60;1.77815125;4.744292983;114.9265218
156124;50;1.698970004;4.62324929;101.8243521
83466;49;1.69019608;3.946452265;51.75144037
13091;45;1.653212514;4.397940009;81.28325328
14266;59;1.770852012;3.991226076;54.1212054
450648;47;1.672097858;4.272305844;71.68674367
452618;32;1.505149978;4.851258349;127.901233
453301;46;1.662757832;4.653212514;104.9215065
380101;50;1.698970004;5.176091259;176.9896505
306319;57;1.755874856;4.579783597;97.49329405
10780;46;1.662757832;4.612783857;100.7642728
234147;32;1.505149978;4.041392685;56.90553914
379279;53;1.72427587;4.662757832;105.9278108
153749;50;1.698970004;4.342422681;76.89360252
381130;47;1.672097858;4.544068044;94.07271475
87411;53;1.72427587;4.397940009;81.28325328
80378;39;1.591064607;4.556302501;95.23071257
306390;47;1.672097858;4.977723605;145.1436012
157459;60;1.77815125;4.079181246;59.09706408
453835;20;1.301029996;4.164352856;64.35102457
84683;35;1.544068044;4.079181246;59.09706408
380971;50;1.698970004;4.653212514;104.9215065
448578;56;1.748188027;4.096910013;60.15412466
376787;19;1.278753601;3.431524584;30.92375269
7373;23;1.361727836;4.176091259;65.11085372
156889;45;1.653212514;4.544068044;94.07271475
7609;41;1.612783857;4.826074803;124.7204462
86931;34;1.531478917;4.977723605;145.1436012
83774;61;1.785329835;4.73239376;113.5670896
379289;40;1.602059991;4.770852012;118.0197533
234447;29;1.462397998;4.698970004;109.8339856
156703;34;1.531478917;4.662757832;105.9278108
303382;41;1.612783857;4.799340549;121.4303138
379994;44;1.643452676;4.653212514;104.9215065
380994;57;1.755874856;4.397940009;81.28325328
13066;55;1.740362689;4.397940009;81.28325328
301559;28;1.447158031;4.632457292;102.7662809
231958;52;1.716003344;4.698970004;109.8339856
375616;31;1.491361694;4.602059991;99.6894637
12456;42;1.62324929;4.698970004;109.8339856
379995;29;1.462397998;4.602059991;99.6894637
7976;46;1.662757832;4.892094603;133.2323508
157964;21;1.322219295;4.318063335;75.04315402
9336;34;1.531478917;4.698970004;109.8339856
379954;39;1.591064607;4.146128036;63.188861
230714;26;1.414973348;4.556302501;95.23071257
452203;54;1.73239376;4.602059991;99.6894637
154263;80;1.903089987;4.414973348;82.6796373
230644;37;1.568201724;4.361727836;78.3924668
12188;59;1.770852012;4.653212514;104.9215065
156257;21;1.322219295;4.146128036;63.188861
306463;39;1.591064607;4.301029996;73.77574327
84965;40;1.602059991;4.544068044;94.07271475
86137;47;1.672097858;5;148.4131591
80861;39;1.591064607;4.397940009;81.28325328
448011;57;1.755874856;4.477121255;87.98103279
301160;38;1.579783597;4.494154594;89.49247952
159957;26;1.414973348;4.477121255;87.98103279
376206;45;1.653212514;4.698970004;109.8339856
374441;39;1.591064607;4.230448921;68.74808773
158704;34;1.531478917;4.230448921;68.74808773
377704;33;1.51851394;4.397940009;81.28325328
8898;34;1.531478917;4.544068044;94.07271475
86506;39;1.591064607;4.322219295;75.35567932
232655;49;1.69019608;4.544068044;94.07271475
161451;25;1.397940009;4.397940009;81.28325328
305903;39;1.591064607;4.336459734;76.43645437
12064;40;1.602059991;4.544068044;94.07271475
450203;63;1.799340549;4.707570176;110.7826503
306049;53;1.72427587;4.447158031;85.38394038
82123;36;1.556302501;4.278753601;72.15045568
13073;19;1.278753601;3.447158031;31.41099627
12975;47;1.672097858;4.531478917;92.89584479
83544;37;1.568201724;4.051152522;57.46364704
380303;22;1.342422681;4.397940009;81.28325328
12558;40;1.602059991;4.954242509;141.7751723
374845;31;1.491361694;4.602059991;99.6894637
453155;45;1.653212514;4.414973348;82.6796373
302655;47;1.672097858;4.602059991;99.6894637
159478;47;1.672097858;4.414973348;82.6796373
82408;40;1.602059991;4.919078092;136.8763676
159033;49;1.69019608;4.77815125;118.8843593
229915;41;1.612783857;4.414973348;82.6796373
85977;58;1.763427994;5;148.4131591
158370;41;1.612783857;5;148.4131591
452190;47;1.672097858;4.716003344;111.7208494
302487;45;1.653212514;5;148.4131591
80513;57;1.755874856;4.653212514;104.9215065
228870;26;1.414973348;4.204119983;66.96164432
379215;23;1.361727836;4.361142088;78.346562
153433;41;1.612783857;4.716003344;111.7208494
302428;50;1.698970004;4.40654018;81.98531783
230517;55;1.740362689;4.924279286;137.5901428
451939;69;1.838849091;3.698970004;40.40566526
83710;45;1.653212514;5.041392685;154.685293
11155;40;1.602059991;5.041392685;154.685293
377849;22;1.342422681;4.361727836;78.3924668
155762;42;1.62324929;4.447158031;85.38394038
11350;48;1.681241237;4.193124598;66.22940829
449916;28;1.447158031;4.716003344;111.7208494
11955;49;1.69019608;4.507855872;90.72707931
452076;51;1.707570176;4.857332496;128.6804882
452919;55;1.740362689;4.477121255;87.98103279
84662;46;1.662757832;4.477121255;87.98103279
155753;25;1.397940009;4.477121255;87.98103279
85476;73;1.86332286;4.531478917;92.89584479
86888;18;1.255272505;4.278753601;72.15045568
379300;28;1.447158031;4.278753601;72.15045568
84104;51;1.707570176;4.414973348;82.6796373
155117;29;1.462397998;4.556302501;95.23071257
159708;24;1.380211242;4.194569839;66.32519494
230689;48;1.681241237;4.812913357;123.0896998
158165;73;1.86332286;3.693726949;40.19437052
81077;40;1.602059991;4.954242509;141.7751723
375099;54;1.73239376;4.740362689;114.4757133
302956;31;1.491361694;4.544068044;94.07271475
450157;45;1.653212514;4.73239376;113.5670896
155744;40;1.602059991;5.204119983;182.020621
12978;31;1.491361694;4.633468456;102.8702469
228951;19;1.278753601;4.342422681;76.89360252
156037;43;1.633468456;4.698970004;109.8339856
233642;55;1.740362689;4.62324929;101.8243521
376582;27;1.431363764;4.113943352;61.18752643
160144;34;1.531478917;4.397974751;81.28607729
160293;35;1.544068044;4.973127854;144.4780877
232086;25;1.397940009;4.243038049;69.6190369
159042;41;1.612783857;4.491361694;89.24288466
374872;36;1.556302501;4.857332496;128.6804882
379131;33;1.51851394;4.857332496;128.6804882
231134;56;1.748188027;4.944482672;140.3982002
14511;22;1.342422681;4.278753601;72.15045568
13208;37;1.568201724;4.301029996;73.77574327
9330;51;1.707570176;4.35945602;78.21457569
449359;50;1.698970004;4.602059991;99.6894637
449768;49;1.69019608;5.113943352;166.3249412
307248;48;1.681241237;4.301029996;73.77574327
87597;32;1.505149978;4.745855195;115.1062017
161439;30;1.477121255;3.970811611;53.02755112
234656;30;1.477121255;4.77815125;118.8843593
156792;49;1.69019608;4.653212514;104.9215065
376283;24;1.380211242;4.477121255;87.98103279
306859;53;1.72427587;4.77815125;118.8843593
86010;56;1.748188027;4.653212514;104.9215065
230943;48;1.681241237;4.698970004;109.8339856
228764;47;1.672097858;3.301029996;27.14057921
453724;40;1.602059991;5.117271296;166.8793833
450777;22;1.342422681;3.544068044;34.60741773
377411;48;1.681241237;4.172369377;64.86896919
379090;34;1.531478917;4.903089987;134.7053751
302129;32;1.505149978;4.176091259;65.11085372
377441;32;1.505149978;4.342422681;76.89360252
304921;32;1.505149978;4.494154594;89.49247952
379349;49;1.69019608;4.970997366;144.1706065
82956;58;1.763427994;4.544068044;94.07271475
448935;26;1.414973348;4.462397998;86.69515483
375717;24;1.380211242;4.255272505;70.47601965
161082;23;1.361727836;4.477121255;87.98103279
154985;43;1.633468456;4;54.59815003
87716;48;1.681241237;3.875061263;48.18565022
453653;63;1.799340549;4.77815125;118.8843593
157421;19;1.278753601;3.949390007;51.90369627
81122;49;1.69019608;4.477121255;87.98103279
229437;30;1.477121255;4.397940009;81.28325328
447724;35;1.544068044;4.879932682;131.621803
85017;40;1.602059991;4.763427994;117.1468169
84346;65;1.812913357;4.832508913;125.5254984
301863;54;1.73239376;4.62324929;101.8243521
452767;56;1.748188027;4.944482672;140.3982002
450623;37;1.568201724;4.06069784;58.01478201
7899;30;1.477121255;4.602059991;99.6894637
452871;37;1.568201724;4.880813592;131.7378012
306022;52;1.716003344;4.462397998;86.69515483
375105;33;1.51851394;4.176149161;65.11462388
81175;51;1.707570176;4.505149978;90.48191336
375985;50;1.698970004;3.84509804;46.7632688
233063;42;1.62324929;4.447158031;85.38394038
85647;46;1.662757832;4.939519253;139.7030715
153843;47;1.672097858;4.397940009;81.28325328
375389;36;1.556302501;4.176091259;65.11085372
374477;39;1.591064607;4.176091259;65.11085372
305951;20;1.301029996;4.260071388;70.81503862
160765;36;1.556302501;4.462397998;86.69515483
449036;31;1.491361694;4.414973348;82.6796373
86166;42;1.62324929;4.77815125;118.8843593
160718;31;1.491361694;4.5289167;92.65813017
87767;30;1.477121255;4.477121255;87.98103279
231653;26;1.414973348;4.318063335;75.04315402
87553;53;1.72427587;4.389166084;80.57319971
81515;46;1.662757832;3.77815125;43.73511168
304377;38;1.579783597;4.698970004;109.8339856
380022;23;1.361727836;4.591086878;98.60153978
450489;59;1.770852012;4.342422681;76.89360252
158881;57;1.755874856;4.505149978;90.48191336
154684;25;1.397940009;4.462397998;86.69515483
9521;48;1.681241237;4.819543936;123.9085676
86446;40;1.602059991;4.204119983;66.96164432
7499;51;1.707570176;5.113943352;166.3249412
159096;42;1.62324929;4.792391689;120.5894365
379777;28;1.447158031;4.62324929;101.8243521
8402;71;1.851258349;4.77815125;118.8843593
307463;20;1.301029996;4.278753601;72.15045568
303301;23;1.361727836;4.477121255;87.98103279
307758;42;1.62324929;3.903089987;49.55533812
377548;29;1.462397998;4.62324929;101.8243521
379802;41;1.612783857;4.602059991;99.6894637
155828;41;1.612783857;4.653212514;104.9215065
158458;39;1.591064607;4.301029996;73.77574327
10154;47;1.672097858;4.380211242;79.85490031
8594;56;1.748188027;4.903089987;134.7053751
160473;46;1.662757832;4.740362689;114.4757133
154916;35;1.544068044;4.759667845;116.7071546
453566;58;1.763427994;4.698970004;109.8339856
453173;69;1.838849091;4.397244581;81.22674631
233331;30;1.477121255;4.681241237;107.9039239
12638;43;1.633468456;4.278753601;72.15045568
304116;53;1.72427587;5;148.4131591
229535;39;1.591064607;4.397940009;81.28325328
232700;24;1.380211242;4.62324929;101.8243521
304010;27;1.431363764;4.414973348;82.6796373
374463;42;1.62324929;4.612783857;100.7642728
155676;37;1.568201724;4.602059991;99.6894637
380370;44;1.643452676;4.176091259;65.11085372
154590;38;1.579783597;4.5289167;92.65813017
301904;20;1.301029996;4.283301229;72.4793163
12275;33;1.51851394;4.301029996;73.77574327
447285;43;1.633468456;3.602059991;36.6737042
448361;40;1.602059991;4.397940009;81.28325328
227968;50;1.698970004;5.176091259;176.9896505
155201;38;1.579783597;4.880813592;131.7378012
228062;44;1.643452676;4.414973348;82.6796373
301131;19;1.278753601;3.72427587;41.44121303
160105;26;1.414973348;4.301029996;73.77574327
10455;54;1.73239376;4.462397998;86.69515483
8521;35;1.544068044;4.260071388;70.81503862
154400;23;1.361727836;4;54.59815003
161447;48;1.681241237;3.176091259;23.95294448
160957;52;1.716003344;4.301029996;73.77574327
153288;26;1.414973348;4.041392685;56.90553914
10549;41;1.612783857;4.857332496;128.6804882
448079;22;1.342422681;4.318063335;75.04315402
85787;76;1.880813592;4.301029996;73.77574327
232991;46;1.662757832;4.682740581;108.0658303
232011;39;1.591064607;4.812913357;123.0896998
83770;23;1.361727836;4.301029996;73.77574327
228316;49;1.69019608;4.819543936;123.9085676
451479;44;1.643452676;4.477121255;87.98103279
233965;20;1.301029996;4.255272505;70.47601965
227859;18;1.255272505;4.301029996;73.77574327
85640;36;1.556302501;4.477121255;87.98103279
87797;40;1.602059991;4.602059991;99.6894637
453674;29;1.462397998;4.380211242;79.85490031
230110;37;1.568201724;4.531478917;92.89584479
449111;34;1.531478917;4.255272505;70.47601965
8312;38;1.579783597;5.079181246;160.6424754
154871;27;1.431363764;4.792391689;120.5894365
302382;39;1.591064607;4.903089987;134.7053751
305523;54;1.73239376;5;148.4131591
154310;42;1.62324929;4.041392685;56.90553914
154479;32;1.505149978;4.221153322;68.11199407
14202;39;1.591064607;4.857332496;128.6804882
85939;47;1.672097858;4.544068044;94.07271475
158022;40;1.602059991;4.477121255;87.98103279
448419;28;1.447158031;4.230448921;68.74808773
301493;53;1.72427587;4.544068044;94.07271475
450366;30;1.477121255;4.662757832;105.9278108
303306;26;1.414973348;4.602059991;99.6894637
85563;43;1.633468456;4.414973348;82.6796373
378239;44;1.643452676;4.380211242;79.85490031
234574;51;1.707570176;4.619093331;101.4020523
80668;36;1.556302501;4.342422681;76.89360252
230140;47;1.672097858;4.77815125;118.8843593
159738;22;1.342422681;4;54.59815003
13820;41;1.612783857;4.176091259;65.11085372
158555;44;1.643452676;4.301029996;73.77574327
155813;25;1.397940009;4.544068044;94.07271475
304171;52;1.716003344;4.77815125;118.8843593
447429;29;1.462397998;4.653212514;104.9215065
7548;23;1.361727836;4.079181246;59.09706408
157269;51;1.707570176;4.230448921;68.74808773
374802;53;1.72427587;4.698970004;109.8339856
379346;48;1.681241237;4.681241237;107.9039239
87786;40;1.602059991;4.447158031;85.38394038
376315;38;1.579783597;4.494154594;89.49247952
233368;52;1.716003344;4.531478917;92.89584479
157328;39;1.591064607;4.230448921;68.74808773
160518;30;1.477121255;4.146128036;63.188861
85840;50;1.698970004;4.477121255;87.98103279
305966;51;1.707570176;4.763427994;117.1468169
7951;39;1.591064607;4.361727836;78.3924668
451372;54;1.73239376;4.602059991;99.6894637
10311;45;1.653212514;4.84509804;127.1157438
378452;23;1.361727836;4.84509804;127.1157438
13108;52;1.716003344;4.698970004;109.8339856
11905;25;1.397940009;4.260071388;70.81503862
375715;45;1.653212514;4.255272505;70.47601965
12425;55;1.740362689;4.73239376;113.5670896
82295;25;1.397940009;4.414973348;82.6796373
450428;26;1.414973348;4.204119983;66.96164432
448218;52;1.716003344;4.113943352;61.18752643
306163;43;1.633468456;4.176091259;65.11085372
88022;28;1.447158031;4.579783597;97.49329405
160061;28;1.447158031;4.919078092;136.8763676
450384;45;1.653212514;4.397940009;81.28325328
449264;31;1.491361694;4.73239376;113.5670896
12477;29;1.462397998;4.505149978;90.48191336
82687;42;1.62324929;4.995635195;147.7667762
375238;51;1.707570176;4.07809415;59.03285483
81037;33;1.51851394;4.397940009;81.28325328
82804;29;1.462397998;4.491361694;89.24288466
84791;24;1.380211242;4.84509804;127.1157438
374507;34;1.531478917;4.681241237;107.9039239
87712;38;1.579783597;3.875061263;48.18565022
155887;24;1.380211242;4.397940009;81.28325328
228654;22;1.342422681;4.318063335;75.04315402
83807;29;1.462397998;4.380211242;79.85490031
452996;71;1.851258349;4.591064607;98.59934386
14126;32;1.505149978;4.431363764;84.04595765
155621;40;1.602059991;4.301029996;73.77574327
161216;46;1.662757832;4.954242509;141.7751723
13641;41;1.612783857;4.51851394;91.69922611
81809;27;1.431363764;4.337139663;76.4884434
231777;30;1.477121255;4.272305844;71.68674367
305970;47;1.672097858;4.681241237;107.9039239
307501;29;1.462397998;4.301029996;73.77574327
155886;58;1.763427994;4.477121255;87.98103279
229104;41;1.612783857;4.779235632;119.0133452
374720;52;1.716003344;4.919078092;136.8763676
156049;53;1.72427587;4.77815125;118.8843593
449072;30;1.477121255;4.544068044;94.07271475
302202;54;1.73239376;4.380211242;79.85490031
9111;39;1.591064607;5.690329893;295.99125
234513;47;1.672097858;4.602059991;99.6894637
12446;65;1.812913357;4.561101384;95.68881191
305890;58;1.763427994;4.653212514;104.9215065
450934;38;1.579783597;4.431363764;84.04595765
234185;47;1.672097858;4.662757832;105.9278108
448466;40;1.602059991;4.278753601;72.15045568
12792;27;1.431363764;4.380211242;79.85490031
82810;30;1.477121255;4.488550717;88.99237719
451279;37;1.568201724;4.230448921;68.74808773
159201;44;1.643452676;4.602059991;99.6894637
161416;51;1.707570176;4.591064607;98.59934386
306010;25;1.397940009;4.477121255;87.98103279
232349;34;1.531478917;4.69019608;108.8745258
83445;20;1.301029996;4.414973348;82.6796373
450065;40;1.602059991;4.579783597;97.49329405
231998;34;1.531478917;4.041392685;56.90553914
155790;30;1.477121255;4.431363764;84.04595765
159561;37;1.568201724;4.544068044;94.07271475
377472;50;1.698970004;4.447158031;85.38394038
450455;26;1.414973348;4.361727836;78.3924668
154351;29;1.462397998;4.889301703;132.8607653
13962;54;1.73239376;5.063693558;158.1736623
154728;46;1.662757832;4.77815125;118.8843593
230171;35;1.544068044;4.079181246;59.09706408
161305;53;1.72427587;4.477121255;87.98103279
451605;61;1.785329835;5.079181246;160.6424754
306214;30;1.477121255;4.542003348;93.87868349
158084;58;1.763427994;4.875061263;130.9821774
451296;50;1.698970004;4.886490725;132.4878211
157053;26;1.414973348;4.77815125;118.8843593
303357;35;1.544068044;4.698970004;109.8339856
376816;44;1.643452676;5.041392685;154.685293
302281;30;1.477121255;4.602059991;99.6894637
10033;27;1.431363764;4.193124598;66.22940829
14375;27;1.431363764;4.477121255;87.98103279
453557;55;1.740362689;4.505149978;90.48191336
